color,X,Y
blue,2.5,0.0
blue,2.0225424859373686,1.469463130731183
blue,0.7725424859373686,2.3776412907378837
blue,-0.7725424859373684,2.377641290737884
blue,-2.022542485937368,1.4694631307311832
blue,-2.5,3.061616997868383e-16
